Time(s),ValveApt(%),ValveAng(°),ValveArea(m2),Temperature(K),IntakeP(Pa),OutputP(Pa),Massflow(kg/s),ReynoldsD,CD,KV
9.5,9.199999999999999,26.44,1.668012354870398e-05,295.45,999615.0788400001,91414.21740000002,0.002379558153160647,9489.655084154663,0.06082840366334726,64.79703415864577
10,9.199999999999999,26.44,1.668012354870398e-05,296.45,997046.63549,91922.10870000004,0.002237350870140165,8899.29865103319,0.05743746316612442,64.5902356807095
10.5,9.199999999999999,26.44,1.668012354870398e-05,295.95,996532.94682,91414.21740000002,0.002623960575368434,10450.68118620205,0.06734040345114121,65.11355247487043
11,9.199999999999999,26.44,1.668012354870398e-05,296.05,1000128.76751,92430,0.002628466139341754,10465.89714677742,0.06722485868735129,65.1189970664395
11.5,9.199999999999999,26.44,1.668012354870398e-05,296.05,996019.2581499999,93445.78260000004,0.002237727867695054,8910.074721996996,0.05746758746469092,64.59080781536299
12,9.199999999999999,26.44,1.668012354870398e-05,295.85,997560.3241600001,90398.43479999999,0.002625848492941531,10460.92826451943,0.06730807679127603,65.11583452063506
12.5,9.199999999999999,26.44,1.668012354870398e-05,296.15,998074.0128299999,90398.43479999999,0.001780233245914149,7086.598258058457,0.04563214941377289,63.77169655523102
13,9.199999999999999,26.44,1.668012354870398e-05,296.15,994478.1921399999,93953.67389999999,0.002620184784219621,10430.20456463123,0.06740520329073482,65.10898127966755
13.5,9.199999999999999,26.44,1.668012354870398e-05,295.85,999101.39017,91414.21740000002,0.002099182307089702,8362.780864030126,0.0537251057259398,64.37024618161786
14,9.199999999999999,26.44,1.668012354870398e-05,295.7499999999999,993964.5034700001,92430,0.002851050424900477,11361.05787164914,0.07333263628467282,65.37147620976732
14.5,9.199999999999999,26.44,1.668012354870398e-05,296.05,997560.3241600001,92430,0.002963700337153891,11800.71618129727,0.07599386842489186,65.48861401412864
15,9.199999999999999,26.44,1.668012354870398e-05,296.05,997560.3241600001,93953.67389999999,0.001780065711538032,7087.77806668939,0.04564364277131659,63.7713414632745
15.5,9.199999999999999,26.44,1.668012354870398e-05,296.2499999999999,998074.0128299999,91414.21740000002,0.00285469703479362,11360.77105719044,0.07318588915564114,65.37538871827854
16,9.199999999999999,26.44,1.668012354870398e-05,295.7499999999999,997560.3241600001,93953.67389999999,0.002503918936408185,9977.784922357016,0.06417182220791454,64.96369549568824
16.5,9.199999999999999,26.44,1.668012354870398e-05,296.15,997560.3241600001,93445.78260000004,0.002854431672655144,11362.67428192964,0.07320441096309108,65.37510372852884
17,9.199999999999999,26.44,1.668012354870398e-05,296.15,1002183.52219,93953.67389999999,0.002630836056072092,10472.60422474828,0.06715885666611245,65.12185580372464
17.5,9.199999999999999,26.44,1.668012354870398e-05,296.7499999999999,997046.63549,92430,0.001941350778358619,7715.905639009935,0.04986373475180802,64.09180219296854
18,9.199999999999999,26.44,1.668012354870398e-05,296.2499999999999,995505.5694800001,91414.21740000002,0.002621142113330299,10431.29799588651,0.06737161398370582,65.11014224017367
18.5,9.199999999999999,26.44,1.668012354870398e-05,296.05,996532.94682,94461.56520000001,0.002238336976350477,8912.500040871551,0.05745359890261924,64.59173522935566
19,9.199999999999999,26.44,1.668012354870398e-05,296.35,994478.1921399999,91922.10870000004,0.002497179770050596,9935.380821819319,0.06426254305442192,64.95495801679021
27,9.800000000000001,26.86,1.8135362899444e-05,295.7499999999999,996019.2581499999,92430,0.003364951817320382,13408.88677309953,0.07944149373214598,65.85812749655129
27.5,9.800000000000001,26.86,1.8135362899444e-05,296.15,996532.94682,90398.43479999999,0.002852889307473145,11356.53456825047,0.06736325105359338,65.37345131077255
28,9.800000000000001,26.86,1.8135362899444e-05,296.2499999999999,997560.3241600001,92430,0.002373594643750739,9446.139117938004,0.05599773689987658,64.78871351808732
28.5,9.800000000000001,26.86,1.8135362899444e-05,295.95,997046.63549,90398.43479999999,0.002624671440171704,10453.51241068584,0.06192165509659945,65.1144122856508
29,9.800000000000001,26.86,1.8135362899444e-05,296.2499999999999,997046.63549,92430,0.003168787074052198,12610.74784417324,0.07479639658352595,65.68601557093417
29.5,9.800000000000001,26.86,1.8135362899444e-05,295.65,998074.0128299999,89890.54350000003,0.002376776575481745,9473.612011599649,0.05598716321350946,64.79315590378535
30,9.800000000000001,26.86,1.8135362899444e-05,295.7499999999999,997046.63549,90906.32610000001,0.002625604165719682,10462.68442475045,0.06192272611709098,65.11553852928469
30.5,9.800000000000001,26.86,1.8135362899444e-05,295.35,998074.0128299999,92430,0.003073496345373982,12260.27785497824,0.072362298190102,65.5966986891162
31,9.800000000000001,26.86,1.8135362899444e-05,294.95,998074.0128299999,92430,0.003735613942305518,14917.09000723502,0.08789159596832413,66.1464348966644
31.5,9.800000000000001,26.86,1.8135362899444e-05,296.2499999999999,997046.63549,91414.21740000002,0.003893856351678652,15496.28909892573,0.0919110110945373,66.25703299969562
32,9.800000000000001,26.86,1.8135362899444e-05,296.05,996019.2581499999,92430,0.004134101865968928,16460.96340216382,0.0976494679385604,66.41293017915724
32.5,9.800000000000001,26.86,1.8135362899444e-05,296.15,997046.63549,91922.10870000004,0.004289186209850851,17074.02083012397,0.1012253315232183,66.50668359888559
33,9.800000000000001,26.86,1.8135362899444e-05,295.7499999999999,996532.94682,90906.32610000001,0.003459548933758379,13785.84373778763,0.08163268918162005,65.93598020563137
33.5,9.800000000000001,26.86,1.8135362899444e-05,296.15,997046.63549,92937.89130000002,0.004289186209850851,17074.02083012397,0.1012253315232183,66.50668359888559
34,9.800000000000001,26.86,1.8135362899444e-05,296.2499999999999,996532.94682,91922.10870000004,0.003456498903258582,13755.74788523557,0.08162963448598111,65.93351288092109
34.5,9.800000000000001,26.86,1.8135362899444e-05,295.95,1001156.14485,90906.32610000001,0.004223555510942493,16821.53022092913,0.09923376566710893,66.46767629249119
35,9.800000000000001,26.86,1.8135362899444e-05,295.7499999999999,993964.5034700001,91414.21740000002,0.004506215115042354,17956.66967408454,0.1066049405032451,66.62977753746237
35.5,9.800000000000001,26.86,1.8135362899444e-05,296.15,998074.0128299999,92430,0.00364050071699939,14491.789825159,0.08582783391823555,66.0765621510552
36,9.800000000000001,26.86,1.8135362899444e-05,295.85,995505.5694800001,92430,0.004650893696245404,18528.35967235378,0.10987589266786,66.70712213902041
36.5,9.800000000000001,26.86,1.8135362899444e-05,295.85,995505.5694800001,90398.43479999999,0.003809948061093116,15178.17706001496,0.09000881799743896,66.19920555722378
37,9.800000000000001,26.86,1.8135362899444e-05,296.15,991396.06012,90398.43479999999,0.004200615398893001,16721.44582002948,0.09970008086175494,66.45370822823232
37.5,9.800000000000001,26.86,1.8135362899444e-05,295.95,997046.63549,91922.10870000004,0.002854671887615047,11369.55565137999,0.06734786127260697,65.37535931673887
38,9.800000000000001,26.86,1.8135362899444e-05,295.7499999999999,994991.88081,92430,0.003809594425758598,15180.72860463919,0.09003170876674717,66.198954935855
38.5,9.800000000000001,26.86,1.8135362899444e-05,295.55,995505.5694800001,92430,0.003977417128143738,15857.75799513304,0.09391756800486732,66.31282126056932
39,9.800000000000001,26.86,1.8135362899444e-05,296.35,993450.8148000001,90398.43479999999,0.003717394234356783,14790.17563177751,0.08807823984545442,66.13319880079776
39.5,9.800000000000001,26.86,1.8135362899444e-05,296.05,996532.94682,92430,0.004288790030722958,17076.8931255518,0.1012510571538487,66.50644672995493
40,9.800000000000001,26.86,1.8135362899444e-05,296.2499999999999,993964.5034700001,90906.32610000001,0.003358357403110978,13365.17645128067,0.07951684272483422,65.85256178003884
40.5,9.800000000000001,26.86,1.8135362899444e-05,295.95,997560.3241600001,91414.21740000002,0.003896957020416762,15520.75736160368,0.09189027073171517,66.259143739697
41,9.800000000000001,26.86,1.8135362899444e-05,295.85,995505.5694800001,92430,0.004211881570945275,16779.41095640015,0.09950437005096881,66.46057847490472
41.5,9.800000000000001,26.86,1.8135362899444e-05,296.15,994478.1921399999,90398.43479999999,0.003544594146639979,14110.01325964139,0.08386891625115567,66.00333633497699
42,9.800000000000001,26.86,1.8135362899444e-05,295.45,997046.63549,91414.21740000002,0.003553755139883476,14172.34140138253,0.08376988828692578,66.01048112092968
42.5,9.800000000000001,26.86,1.8135362899444e-05,295.7499999999999,995505.5694800001,89890.54350000003,0.003638174613422176,14497.64338408603,0.08593619732945368,66.07480536946751
43,9.800000000000001,26.86,1.8135362899444e-05,296.05,994991.88081,91922.10870000004,0.004131882753288388,16452.12744847813,0.09769782511893894,66.41154093245729
43.5,9.800000000000001,26.86,1.8135362899444e-05,296.2499999999999,993964.5034700001,92430,0.003262367139161078,12983.16624173388,0.07724405224858863,65.7699874346112
44,9.800000000000001,26.86,1.8135362899444e-05,295.85,996019.2581499999,92430,0.004056706023381526,16161.21829378637,0.09578896895793212,66.36419222390056
44.5,9.800000000000001,26.86,1.8135362899444e-05,296.2499999999999,994478.1921399999,92430,0.004357456027769498,17341.26589263179,0.1031195096948791,66.54635490743532
45,9.800000000000001,26.86,1.8135362899444e-05,295.65,993964.5034700001,92937.89130000002,0.003065233700848751,12217.7385566142,0.07250293187550222,65.58873641754215
50,11.1,27.77,2.131730329353101e-05,295.95,989854.9941100001,90906.32610000001,0.001594318807496281,6349.835330117329,0.03223151057461771,63.34609878790538
50.5,11.1,27.77,2.131730329353101e-05,295.7499999999999,996019.2581499999,91414.21740000002,0.002501882526668897,9969.67009958981,0.05024923471107122,64.96105768497966
51,11.1,27.77,2.131730329353101e-05,295.95,994991.88081,90398.43479999999,0.0008898564569307501,3544.110464220994,0.01789688668135753,60.7272499168809
51.5,11.1,27.77,2.131730329353101e-05,296.2499999999999,991909.7487900001,88366.86960000001,0.003448115311497356,13722.38390108055,0.0695995928073847,65.92669801015728
52,11.1,27.77,2.131730329353101e-05,295.7499999999999,997046.63549,91414.21740000002,0.006977593191219995,27804.78358359536,0.1399975536497279,67.6018173413638
52.5,11.1,27.77,2.131730329353101e-05,296.2499999999999,993450.8148000001,90398.43479999999,0.009849818570342703,39199.09271234318,0.1985084220509306,68.23070610949287
53,11.1,27.77,2.131730329353101e-05,296.7499999999999,989854.9941100001,90906.32610000001,0.008899835957051825,35372.42996618016,0.1801663515170622,68.05722067031007
53.5,11.1,27.77,2.131730329353101e-05,295.85,997560.3241600001,91922.10870000004,0.01186557275376762,47270.39877900648,0.2379869935024312,68.52450883665033
54,11.1,27.77,2.131730329353101e-05,295.65,990882.37145,90906.32610000001,0.006152783951673613,24524.42882122321,0.1241956549530506,67.34296437676602
54.5,11.1,27.77,2.131730329353101e-05,295.95,990368.6827799999,92430,0.006611155902420982,26330.83867838923,0.1335849613134776,67.49267517344424
55,11.1,27.77,2.131730329353101e-05,296.2499999999999,988827.61677,91922.10870000004,0.00912390127077411,36310.17660449114,0.184738352529982,68.10057215420706
55.5,11.1,27.77,2.131730329353101e-05,295.85,994478.1921399999,91414.21740000002,0.009793595290352558,39015.99732791389,0.1970382642562811,68.22127569594129
56,11.1,27.77,2.131730329353101e-05,296.2499999999999,987800.2394300001,90906.32610000001,0.008281073646816255,32955.99521159485,0.1678473915083547,67.92820043739684
56.5,11.1,27.77,2.131730329353101e-05,295.95,993450.8148000001,92937.89130000002,0.01012343366667165,40319.49974903677,0.2039193979574267,68.27591000258498
57,11.1,27.77,2.131730329353101e-05,295.85,992937.12613,92430,0.009989137032472051,39795.00195919013,0.2012843016760019,68.25395793521773
57.5,11.1,27.77,2.131730329353101e-05,296.05,987286.55076,91414.21740000002,0.01199576921848741,47764.16365348667,0.2431841752702266,68.53984389079237
58,11.1,27.77,2.131730329353101e-05,296.15,990368.6827799999,91414.21740000002,0.008646374517451908,34418.73851896966,0.1747675949309946,68.00616935643163
58.5,11.1,27.77,2.131730329353101e-05,296.15,987286.55076,91414.21740000002,0.01025144931824699,40808.08121519998,0.2078575545189925,68.29599504799033
59,11.1,27.77,2.131730329353101e-05,296.2499999999999,990368.6827799999,92430,0.008489846068136575,33786.84193640218,0.1716326838515261,67.97342842883342
59.5,11.1,27.77,2.131730329353101e-05,295.95,990882.37145,91414.21740000002,0.00956645947357998,38101.18908706123,0.1931995911616291,68.18170622547443
60,11.1,27.77,2.131730329353101e-05,295.95,983690.73007,89890.54350000003,0.009805117966826222,39051.71549691236,0.1994671182569219,68.2226125083381
60.5,11.1,27.77,2.131730329353101e-05,295.95,989854.9941100001,90398.43479999999,0.007884475167871658,31402.20057932234,0.1593963161907685,67.83761815922693
61,11.1,27.77,2.131730329353101e-05,296.2499999999999,985745.4847500001,92937.89130000002,0.009844322770455006,39177.22120600143,0.1999484881291601,68.22933759075325
61.5,11.1,27.77,2.131730329353101e-05,295.85,987286.55076,91414.21740000002,0.007790970030532611,31037.88311454464,0.1578890445142839,67.81513402404748
62,11.1,27.77,2.131730329353101e-05,296.05,988827.61677,92430,0.01092403310132733,43496.77751417238,0.2211122733731393,68.39744332857155
62.5,11.1,27.77,2.131730329353101e-05,297.15,986259.1734199999,92430,0.008914172376118142,35392.63273250683,0.1812365291387986,68.05984328201401
63,11.1,27.77,2.131730329353101e-05,295.7499999999999,988827.61677,91922.10870000004,0.01052408119546118,41937.06798845645,0.2129089295392736,68.33844143124294
63.5,11.1,27.77,2.131730329353101e-05,295.85,990368.6827799999,92430,0.009424978219548224,37547.49038810878,0.1904088544614418,68.15643121107827
64,11.1,27.77,2.131730329353101e-05,296.05,988827.61677,92430,0.009761604053861022,38868.27472727495,0.1975836620135656,68.21548247190387
64.5,11.1,27.77,2.131730329353101e-05,295.15,988313.9280999999,91414.21740000002,0.009705642626040735,38736.38302080571,0.196254069442143,68.20592565973693
65,11.1,27.77,2.131730329353101e-05,296.35,987800.2394300001,91414.21740000002,0.01253903088587219,49888.29738323986,0.2541939487748603,68.60450650209802
65.5,11.1,27.77,2.131730329353101e-05,295.85,987286.55076,90398.43479999999,0.008442987029650495,33635.40657157346,0.1711025905290098,67.96334680878086
66,11.1,27.77,2.131730329353101e-05,295.65,983177.0414,92937.89130000002,0.00892300611038758,35566.27860564091,0.1815249393657968,68.06155154336061
66.5,11.1,27.77,2.131730329353101e-05,296.05,986259.1734199999,91414.21740000002,0.009576611418515794,38131.68015393975,0.1943440458896276,68.18323597861784
67,11.1,27.77,2.131730329353101e-05,296.05,983177.0414,90398.43479999999,0.009063833165588491,36089.92493635671,0.1845145439138265,68.08884869574563
67.5,11.1,27.77,2.131730329353101e-05,295.85,986259.1734199999,90398.43479999999,0.01066576888184765,42490.5867413411,0.216373861952589,68.35957099915939
68,11.1,27.77,2.131730329353101e-05,295.85,985231.79608,89382.65220000001,0.009364466887283847,37306.42365950289,0.1901727658184122,68.14518157017008
68.5,11.1,27.77,2.131730329353101e-05,295.65,981122.28672,90398.43479999999,0.01012966964060202,40375.92804081415,0.2065042429978803,68.2761967922623
69,11.1,27.77,2.131730329353101e-05,295.85,985231.79608,92430,0.01114945597714184,44417.51284539755,0.2264221664794298,68.42899142665667
69.5,11.1,27.77,2.131730329353101e-05,295.2499999999999,985231.79608,89890.54350000003,0.009086176543838241,36254.53487312383,0.1843340655385789,68.0932924577824
70,11.1,27.77,2.131730329353101e-05,295.85,983177.0414,92430,0.008993732920012387,35829.48336867026,0.1830256431478259,68.07534354009182
70.5,11.1,27.77,2.131730329353101e-05,295.95,990368.6827799999,91414.21740000002,0.007275700805930306,28977.58077721676,0.1470127501202508,67.68408773841584
71,11.1,27.77,2.131730329353101e-05,296.05,985231.79608,92430,0.008431016724707576,33570.20756814742,0.1712742053336627,67.96068266610379
88,12.4,28.68,2.453882088873601e-05,295.85,967252.6926299999,92430,0.01449631770061374,57750.83367278656,0.2604953697864145,68.8011912321119
88.5,12.4,28.68,2.453882088873601e-05,295.95,967766.3813,93445.78260000004,0.01483542684921204,59086.37413142826,0.2664926023071532,68.83108899640614
89,12.4,28.68,2.453882088873601e-05,295.85,968793.7586399999,90906.32610000001,0.01645398786491854,65549.85452621039,0.2952039047052541,68.95876006414188
89.5,12.4,28.68,2.453882088873601e-05,295.85,966739.0039600001,90398.43479999999,0.01602874287063713,63855.75168974377,0.2881857341176194,68.92715476206784
90,12.4,28.68,2.453882088873601e-05,296.05,971875.89066,92430,0.01785077350778518,71077.33165232454,0.3193561132989206,69.05234365486955
90.5,12.4,28.68,2.453882088873601e-05,295.85,968793.7586399999,92430,0.01579649837831704,62930.52962132635,0.2834077696077413,68.90976637307452
91,12.4,28.68,2.453882088873601e-05,296.15,970334.8246500001,91922.10870000004,0.01814713862699509,72238.55709804583,0.3252287107693196,69.07001559175414
91.5,12.4,28.68,2.453882088873601e-05,295.95,967766.3813,90906.32610000001,0.01745820687733317,69532.35344709818,0.313606277031676,69.02683062751302
92,12.4,28.68,2.453882088873601e-05,296.2499999999999,967252.6926299999,90398.43479999999,0.01593938198223124,63433.58587133813,0.2866204549665285,68.92037315791161
92.5,12.4,28.68,2.453882088873601e-05,295.85,967252.6926299999,91922.10870000004,0.01931403479836477,76943.78905227444,0.3470685963687661,69.13507053503218
93,12.4,28.68,2.453882088873601e-05,295.45,968793.7586399999,90906.32610000001,0.01688345550882659,67331.05858103345,0.3027042183028709,68.98900366096672
93.5,12.4,28.68,2.453882088873601e-05,295.95,962629.4946000001,91414.21740000002,0.01441285524939502,57403.36063286952,0.260283419321177,68.79303069005498
94,12.4,28.68,2.453882088873601e-05,295.7499999999999,965197.9379499999,92430,0.01682305113090602,67037.62788853778,0.3028985724799306,68.98412613728524
94.5,12.4,28.68,2.453882088873601e-05,296.45,964684.2492800001,92430,0.01737687865432159,69118.3644154498,0.3134070621715295,69.02083441405961
95,12.4,28.68,2.453882088873601e-05,296.05,964684.2492800001,90906.32610000001,0.01623078650297001,64626.94710380703,0.2925387360118434,68.94179524997406
95.5,12.4,28.68,2.453882088873601e-05,295.85,962115.80593,91414.21740000002,0.01510127089516513,60160.86303609717,0.2728151010800318,68.85288571646804
96,12.4,28.68,2.453882088873601e-05,295.95,965197.9379499999,92430,0.01631909664458132,64995.51779865918,0.293924218110699,68.94837098519059
96.5,12.4,28.68,2.453882088873601e-05,295.85,961088.4285899999,91922.10870000004,0.01583620364604935,63088.70857132582,0.286398003899227,68.91160816772003
97,12.4,28.68,2.453882088873601e-05,295.85,961088.4285899999,91414.21740000002,0.0158569363161105,63171.30395899753,0.2867729545789308,68.91319850492283
97.5,12.4,28.68,2.453882088873601e-05,296.05,966225.3152900001,90398.43479999999,0.01261432746713401,50227.10845339471,0.2269941643339299,68.61105996347311
98,12.4,28.68,2.453882088873601e-05,295.7499999999999,959547.36258,89890.54350000003,0.01590866392549373,63393.91612986305,0.2881218126460954,68.91692664512857
98.5,12.4,28.68,2.453882088873601e-05,296.45,963143.1832699999,92430,0.01895887141481195,75410.90718434243,0.3424867888560172,69.11480254698233
99,12.4,28.68,2.453882088873601e-05,295.85,960574.7399200001,90398.43479999999,0.01877797184764543,74808.20655853362,0.3397815389046094,69.10445213793363
99.5,12.4,28.68,2.453882088873601e-05,296.05,958519.9852400001,92430,0.01633888556917509,65057.37064688847,0.29638093372612,68.94864593141713
100,12.4,28.68,2.453882088873601e-05,295.95,958006.29657,90906.32610000001,0.01907896291540673,75987.48268704129,0.3462119410890662,69.12032316399713
100.5,12.4,28.68,2.453882088873601e-05,295.85,958519.9852400001,92937.89130000002,0.01968114210684184,78406.28135892593,0.3568875369514097,69.15194644826849
101,12.4,28.68,2.453882088873601e-05,296.2499999999999,958519.9852400001,92430,0.01369974051154793,54520.53706493058,0.2485918113151504,68.72501023635225
101.5,12.4,28.68,2.453882088873601e-05,296.15,956978.9192300001,91414.21740000002,0.01458983445821742,58077.94888353123,0.2651247867028271,68.80808070951677
102,12.4,28.68,2.453882088873601e-05,295.95,957492.6078999999,91414.21740000002,0.01921092767651329,76513.07047943573,0.3487936340010265,69.12726617742727
102.5,12.4,28.68,2.453882088873601e-05,296.05,957492.6078999999,91414.21740000002,0.01499369492282878,59701.15671788069,0.2722715372265385,68.84312617340441
103,12.4,28.68,2.453882088873601e-05,296.05,956465.2305600001,92937.89130000002,0.0162406555530994,64666.24320203122,0.2952319611895513,68.94113206067621
103.5,12.4,28.68,2.453882088873601e-05,295.85,958006.29657,89890.54350000003,0.01909945617585721,76088.94476739479,0.3465252578479733,69.12146490974376
104,12.4,28.68,2.453882088873601e-05,295.95,953896.78721,91922.10870000004,0.01715950765403178,68342.6974810017,0.3127224639863188,69.00468696168923
104.5,12.4,28.68,2.453882088873601e-05,296.15,954924.1645500001,91414.21740000002,0.01841230546232049,73294.1102608826,0.3353062331658335,69.08233092591232
105,12.4,28.68,2.453882088873601e-05,295.85,952869.4098700001,92430,0.01728563240892661,68862.98319293771,0.3153073869958561,69.01280364361163
105.5,12.4,28.68,2.453882088873601e-05,296.15,953896.78721,92430,0.01807993126130689,71971.02383985746,0.3296079877222123,69.06255782432726
106,12.4,28.68,2.453882088873601e-05,295.7499999999999,953383.0985399999,92430,0.01687294030845001,67236.42964535559,0.3075616404538107,68.9853934856699
106.5,12.4,28.68,2.453882088873601e-05,295.95,953383.0985399999,90906.32610000001,0.015157793655867,60370.29308699109,0.2763911829974533,68.85627228536312
107,12.4,28.68,2.453882088873601e-05,296.2499999999999,951842.03253,91922.10870000004,0.01929570381190761,76790.66139860523,0.3525911400458495,69.13026345677265
107.5,12.4,28.68,2.453882088873601e-05,296.65,951328.3438599999,91922.10870000004,0.01803952993865523,71716.81481643009,0.3300376052982709,69.05941315700773
108,12.4,28.68,2.453882088873601e-05,295.65,948759.9005100001,91414.21740000002,0.01417729696320916,56509.39688155182,0.259640554270484,68.76963365214715
108.5,12.4,28.68,2.453882088873601e-05,296.05,952355.7212,91922.10870000004,0.01592134200925651,63394.81624415169,0.2906762037353723,68.91662717052672
109,12.4,28.68,2.453882088873601e-05,296.15,949787.27785,91414.21740000002,0.01433182411791134,57050.88367599696,0.2624082353511268,68.78389486371705
123,13.7,29.59,2.779991568505899e-05,295.85,950300.96652,91922.10870000004,0.0199083658964809,79311.50181235118,0.3214155709209301,69.16118669118123
123.5,13.7,29.59,2.779991568505899e-05,296.05,951328.3438599999,91414.21740000002,0.02176066292989843,86645.53697733516,0.3510596379529284,69.24416638965494
124,13.7,29.59,2.779991568505899e-05,295.2499999999999,943623.0138099999,91414.21740000002,0.0210626212524529,84041.45935666373,0.3421098114544883,69.21295670359055
124.5,13.7,29.59,2.779991568505899e-05,295.2499999999999,948246.21184,90906.32610000001,0.02067821887604313,82507.66466385525,0.3342286286714591,69.19725445743897
125,13.7,29.59,2.779991568505899e-05,295.85,952355.7212,92937.89130000002,0.02023949088098595,80630.64673590963,0.326056496555655,69.17775039430423
125.5,13.7,29.59,2.779991568505899e-05,295.85,947732.5231699999,90398.43479999999,0.01849185523799178,73668.36725062237,0.29935545027509,69.08539740024372
126,13.7,29.59,2.779991568505899e-05,295.7499999999999,947218.8345000001,92430,0.02096164467750128,83529.37436185515,0.3394642850335882,69.20937508866172
126.5,13.7,29.59,2.779991568505899e-05,295.85,947218.8345000001,91414.21740000002,0.0202319052860916,80600.42703197512,0.3277018758658206,69.17599882220436
127,13.7,29.59,2.779991568505899e-05,295.7499999999999,946191.45716,92937.89130000002,0.0223317042103222,88988.8799195397,0.3620444574551328,69.26503837294403
127.5,13.7,29.59,2.779991568505899e-05,296.2499999999999,944650.39115,91922.10870000004,0.02240992249288131,89184.24468444963,0.3642127185899164,69.2672040652219
128,13.7,29.59,2.779991568505899e-05,296.35,946191.45716,90398.43479999999,0.02185327324689596,86946.32021097471,0.3546472704079073,69.24611246029222
128.5,13.7,29.59,2.779991568505899e-05,295.85,946705.1458300001,90398.43479999999,0.02156381622445399,85906.53087551017,0.3494647320826592,69.23479206882737
129,13.7,29.59,2.779991568505899e-05,295.7499999999999,942081.9478,92937.89130000002,0.02161868282604148,86147.58425539186,0.3520137331744377,69.23564195261356
129.5,13.7,29.59,2.779991568505899e-05,295.85,943623.0138099999,91414.21740000002,0.02265735467822595,90262.99978457023,0.3683860262929883,69.27623419032433
130,13.7,29.59,2.779991568505899e-05,295.85,947732.5231699999,90398.43479999999,0.02330210793323912,92831.58573579263,0.3772262394949991,69.30047699603401
130.5,13.7,29.59,2.779991568505899e-05,295.85,940540.88179,92430,0.02380261993026727,94825.53935136378,0.3882751121010175,69.31437840670138
131,13.7,29.59,2.779991568505899e-05,296.05,943109.3251400001,89382.65220000001,0.02294153400682965,91347.47132976378,0.3733357937206417,69.28616180185739
131.5,13.7,29.59,2.779991568505899e-05,296.15,941054.5704600001,92430,0.02330333414615415,92763.8934651454,0.3801156977089518,69.29790209137531
132,13.7,29.59,2.779991568505899e-05,296.05,941568.2591299999,89890.54350000003,0.02223537282258726,88535.71347117548,0.3624364108788614,69.2596656116396
132.5,13.7,29.59,2.779991568505899e-05,295.7499999999999,935917.6837599999,91922.10870000004,0.02299000310800972,91612.11373124327,0.3768082786171454,69.28544624428568
133,13.7,29.59,2.779991568505899e-05,296.2499999999999,934376.61775,90906.32610000001,0.02302064707604618,91614.73103160612,0.3782521687528705,69.28566012687077
133.5,13.7,29.59,2.779991568505899e-05,296.05,938999.8157800001,91922.10870000004,0.02249274728533033,89560.51444348347,0.3676344590375827,69.26846702745465
134,13.7,29.59,2.779991568505899e-05,295.85,938486.12711,92430,0.0207507441387782,82667.39168488246,0.3392331518666782,69.19741684293619
134.5,13.7,29.59,2.779991568505899e-05,295.7499999999999,937458.7497700001,92937.89130000002,0.02341177856077247,93292.83297977988,0.3830904271937587,69.30045101107225
135,13.7,29.59,2.779991568505899e-05,296.45,937458.7497700001,90906.32610000001,0.02048400699068897,81477.29451508544,0.3355792956479605,69.18475780388923
135.5,13.7,29.59,2.779991568505899e-05,295.7499999999999,937458.7497700001,91922.10870000004,0.02144465577342865,85454.10952807764,0.350902103398112,69.22702066225506
136,13.7,29.59,2.779991568505899e-05,295.95,934890.30642,91922.10870000004,0.01839508326480833,73263.73437114611,0.30193047884235,69.07684826243835
136.5,13.7,29.59,2.779991568505899e-05,296.05,934890.30642,93445.78260000004,0.02268412741846285,90322.54244122785,0.3723922519591776,69.27402398788064
137,13.7,29.59,2.779991568505899e-05,296.35,932321.86307,93445.78260000004,0.02286536099345799,90973.05361150479,0.3765922184080302,69.2794010633459
137.5,13.7,29.59,2.779991568505899e-05,295.65,931808.1743999999,90906.32610000001,0.02323358409286643,92606.92132582006,0.3824153520910971,69.29237315941504
138,13.7,29.59,2.779991568505899e-05,296.2499999999999,934376.61775,91922.10870000004,0.02168765728224969,86309.86270956781,0.3563498182775179,69.2357025175112
138.5,13.7,29.59,2.779991568505899e-05,296.2499999999999,937458.7497700001,90398.43479999999,0.02118489775833927,84309.04238490551,0.3469445480735864,69.2158574791705
139,13.7,29.59,2.779991568505899e-05,295.95,933349.2404100001,92937.89130000002,0.02213981126719013,88178.19568177023,0.3639951445784373,69.25327948771334
139.5,13.7,29.59,2.779991568505899e-05,295.85,932321.86307,91414.21740000002,0.02103381983405346,83795.11651350967,0.3461343897330678,69.20798558861983
140,13.7,29.59,2.779991568505899e-05,296.15,935917.6837599999,91922.10870000004,0.02103386894236765,83729.80301840781,0.344980113936861,69.20894883411644
140.5,13.7,29.59,2.779991568505899e-05,295.85,932321.86307,90906.32610000001,0.02101860194722241,83734.49107266446,0.3458839628485146,69.20732818129737
141,13.7,29.59,2.779991568505899e-05,295.45,928212.3537099999,92937.89130000002,0.0220675673627422,88005.24691553284,0.3645069356708825,69.24901187339421
141.5,13.7,29.59,2.779991568505899e-05,295.7499999999999,930267.10839,91922.10870000004,0.02104411257551673,83857.99799955862,0.347010015419376,69.20784006574719
142,13.7,29.59,2.779991568505899e-05,295.65,926671.2877,90398.43479999999,0.02094544799840247,83486.62208848227,0.3466646602389386,69.20250090085987
142.5,13.7,29.59,2.779991568505899e-05,295.85,929753.4197199999,90398.43479999999,0.02097379284597678,83555.97932875079,0.3461000475891063,69.20459261621856
143,13.7,29.59,2.779991568505899e-05,295.35,928212.3537099999,92937.89130000002,0.0233232428477285,93037.18165231499,0.3851826884257616,69.29420460760323
143.5,13.7,29.59,2.779991568505899e-05,296.05,929239.7310500001,90398.43479999999,0.02010727604195543,80062.16241753375,0.3320967953537021,69.1649653325526
144,13.7,29.59,2.779991568505899e-05,295.7499999999999,926671.2877,90906.32610000001,0.01997812821593338,79610.1916844802,0.3307106250606647,69.15818210219365
144.5,13.7,29.59,2.779991568505899e-05,295.95,925130.22169,92430,0.01969832454538647,78454.26934330646,0.326732453915394,69.14397690824632
145,13.7,29.59,2.779991568505899e-05,294.45,926157.5990299999,91414.21740000002,0.0209828890036441,83898.97110246443,0.3467710636434496,69.20455222936101
145.5,13.7,29.59,2.779991568505899e-05,295.95,923589.1556800001,91922.10870000004,0.02311673242823313,92069.0664875106,0.3840727328833774,69.28508385728757
146,13.7,29.59,2.779991568505899e-05,295.85,918452.2689799999,91414.21740000002,0.02360903280871633,94054.32159187659,0.3943792651869684,69.29939638843025
146.5,13.7,29.59,2.779991568505899e-05,296.05,922048.0896699999,91414.21740000002,0.02336544486101227,93035.37871151493,0.3889194803214305,69.29277783640556
147,13.7,29.59,2.779991568505899e-05,296.05,927184.97637,91922.10870000004,0.0193102408059013,76888.56673066334,0.3196395560307822,69.12481470852516
147.5,13.7,29.59,2.779991568505899e-05,295.95,924616.53302,90906.32610000001,0.02323938204480146,92557.55402516561,0.3856814714156162,69.28963610449424
148,13.7,29.59,2.779991568505899e-05,295.95,922561.77834,91414.21740000002,0.02215208490452888,88227.0789889458,0.3684554662903536,69.24999220048996
148.5,13.7,29.59,2.779991568505899e-05,296.35,922561.77834,91414.21740000002,0.02090306804824092,83165.79522805806,0.3479154577104123,69.19902536401057
149,13.7,29.59,2.779991568505899e-05,295.7499999999999,917938.5803100001,90398.43479999999,0.02153963630604137,85832.59435537804,0.3599513458345104,69.22450790939439
149.5,13.7,29.59,2.779991568505899e-05,295.55,917938.5803100001,91414.21740000002,0.02117803990024643,84435.75836515651,0.3537889815605883,69.20969624178869
150,13.7,29.59,2.779991568505899e-05,295.65,920507.0236599999,90906.32610000001,0.02132356826757727,84993.77457426339,0.3552862485449421,69.21657122842424
150.5,13.7,29.59,2.779991568505899e-05,295.95,919993.3349900001,90906.32610000001,0.02103819420346515,83790.68741265178,0.3509050620222464,69.20423012996129
151,13.7,29.59,2.779991568505899e-05,296.2499999999999,919479.6463200001,92430,0.02090111029500156,83179.66005095368,0.3489900932065094,69.19801104603761
151.5,13.7,29.59,2.779991568505899e-05,295.55,917938.5803100001,92430,0.02074183710307698,82696.64019588831,0.3465020114683908,69.19089795872462
152,13.7,29.59,2.779991568505899e-05,295.95,914856.44829,92937.89130000002,0.02327614120915953,92703.95801880161,0.3904126528774484,69.28701472886141
152.5,13.7,29.59,2.779991568505899e-05,295.85,919479.6463200001,89890.54350000003,0.02167120412865909,86334.34579529185,0.3616041382798886,69.23026484900002
153,13.7,29.59,2.779991568505899e-05,295.35,917938.5803100001,90398.43479999999,0.0213485339159407,85160.00287418967,0.3565164737904539,69.21690711700546
153.5,13.7,29.59,2.779991568505899e-05,295.95,919479.6463200001,89382.65220000001,0.02028424001123027,80787.84698661338,0.3385185524216016,69.17046932511147
154,13.7,29.59,2.779991568505899e-05,296.35,913315.38228,92430,0.02112408218019775,84045.13102691829,0.355153602527372,69.20548677492492
154.5,13.7,29.59,2.779991568505899e-05,295.85,915370.13696,90906.32610000001,0.02179531034862451,86828.76360642175,0.3653076665849372,69.23374875273791
155,13.7,29.59,2.779991568505899e-05,295.7499999999999,914342.7596199999,90398.43479999999,0.02024871572841657,80688.44703970574,0.3397093592488954,69.16736173183664
155.5,13.7,29.59,2.779991568505899e-05,296.65,913315.38228,92430,0.02070975872339625,82332.40756879025,0.3483638854084694,69.18747475028002
156,13.7,29.59,2.779991568505899e-05,295.2499999999999,916911.20297,92430,0.02249110974657925,89741.23699980014,0.3759544599232025,69.26093205009909
156.5,13.7,29.59,2.779991568505899e-05,296.2499999999999,912801.69361,90398.43479999999,0.02141574492344295,85227.73945152221,0.3601990890377724,69.21745968025631
157,13.7,29.59,2.779991568505899e-05,296.15,913315.38228,91414.21740000002,0.02039266754734855,81177.36406163857,0.3427408092646756,69.17348716166659
157.5,13.7,29.59,2.779991568505899e-05,295.95,912801.69361,90906.32610000001,0.022370581840833,89097.30617258236,0.3760682742978193,69.25459445315732
158,13.7,29.59,2.779991568505899e-05,296.45,912801.69361,89890.54350000003,0.02095093764794144,83334.56036626261,0.3525002561045291,69.19790140459901
169,15,30.5,3.110058768250001e-05,296.05,909719.5615900001,93445.78260000004,0.02941861396915957,117137.5896358623,0.4436380342705412,69.42627388027641
169.5,15,30.5,3.110058768250001e-05,296.2499999999999,909205.87292,90398.43479999999,0.02895176667414551,115218.6690486901,0.4369920969108839,69.41876055147962
170,15,30.5,3.110058768250001e-05,296.05,909205.87292,92937.89130000002,0.02825351968509188,112498.4745410016,0.4263089237616778,69.4074860246423
170.5,15,30.5,3.110058768250001e-05,296.05,912288.0049399999,92937.89130000002,0.03241016940694963,129049.2178863348,0.4873752092151148,69.46105614766765
171,15,30.5,3.110058768250001e-05,295.65,907151.11824,90398.43479999999,0.02998329850940104,119510.659872801,0.4531273491678443,69.43268684442185
171.5,15,30.5,3.110058768250001e-05,295.95,906637.4295699999,92430,0.03202330746241491,127542.0751207104,0.4844771272311469,69.45360602043313
172,15,30.5,3.110058768250001e-05,295.85,907664.80691,92430,0.0304961542478979,121491.4275475234,0.460772902811261,69.43916933371105
172.5,15,30.5,3.110058768250001e-05,295.95,904068.9862200001,92430,0.02754223461272997,109694.9076884681,0.4178672546947309,69.3916003679108
173,15,30.5,3.110058768250001e-05,296.05,903555.29755,90398.43479999999,0.03142543456091847,125128.2491277299,0.4771343171521095,69.44577962081341
173.5,15,30.5,3.110058768250001e-05,296.05,906123.7409000001,90906.32610000001,0.03089414823273185,123012.7993667211,0.4677381729527687,69.4423243157602
174,15,30.5,3.110058768250001e-05,295.7499999999999,899445.78819,93445.78260000004,0.02892387778723388,115257.817449771,0.4409359080822862,69.41253184691296
174.5,15,30.5,3.110058768250001e-05,295.65,901500.54287,92430,0.02871592824067317,114459.0389822127,0.4366941498538751,69.41073636054386
175,15,30.5,3.110058768250001e-05,296.55,898932.0995199999,92430,0.03064193609160825,121849.8246891612,0.4680258529440897,69.43373652750678
175.5,15,30.5,3.110058768250001e-05,296.05,899445.78819,92430,0.03052620490220853,121547.7407169398,0.4655988733596896,69.43338328711265
176,15,30.5,3.110058768250001e-05,295.95,906123.7409000001,92430,0.02863566945450705,114049.8278944217,0.4334715203290096,69.41209020011853
176.5,15,30.5,3.110058768250001e-05,296.05,901500.54287,91414.21740000002,0.02914485183354055,116047.5370340098,0.4435166797654241,69.41688505254163
177,15,30.5,3.110058768250001e-05,295.95,898932.0995199999,91922.10870000004,0.02986986288565124,118965.3598547987,0.4557714089925374,69.42521528308792
177.5,15,30.5,3.110058768250001e-05,295.85,896363.65617,91922.10870000004,0.02825479212044413,112562.2267603755,0.43229003985384,69.3997664835919
178,15,30.5,3.110058768250001e-05,296.15,893281.52415,90398.43479999999,0.03001912230648767,119497.5210882329,0.4611020709089848,69.42285089546019
178.5,15,30.5,3.110058768250001e-05,296.2499999999999,894308.90149,92937.89130000002,0.02963157004863771,117924.0666468873,0.4547030370546796,69.41856629469771
179,15,30.5,3.110058768250001e-05,295.95,894308.90149,91922.10870000004,0.02817330349452744,112208.321857914,0.4321066577474073,69.39700251929479
179.5,15,30.5,3.110058768250001e-05,295.2499999999999,891740.45814,91414.21740000002,0.02829593905934011,112902.9470696685,0.434722540556976,69.39808778906865
180,15,30.5,3.110058768250001e-05,296.05,895336.27883,91922.10870000004,0.02961776805347702,117930.5715699378,0.4538164597496078,69.41931272173001
180.5,15,30.5,3.110058768250001e-05,296.15,891740.45814,91414.21740000002,0.02908315079173812,115771.6867790266,0.4474972987048531,69.40934505645022
181,15,30.5,3.110058768250001e-05,294.85,888658.32612,91414.21740000002,0.02875845709754165,114868.6332190167,0.4430603635591658,69.40378673094328
181.5,15,30.5,3.110058768250001e-05,296.05,889685.70346,91922.10870000004,0.02752381731437848,109592.981544406,0.4244105323077172,69.38256395684182
182,15,30.5,3.110058768250001e-05,295.2499999999999,890713.0808,92430,0.03118976321060563,124449.5253363974,0.4797342947564079,69.43455678890005
182.5,15,30.5,3.110058768250001e-05,295.85,891226.7694700001,92937.89130000002,0.02879399263003165,114710.308748407,0.4430788488099532,69.40503425592678
183,15,30.5,3.110058768250001e-05,295.85,885062.50543,90906.32610000001,0.03148249269983532,125420.8301074921,0.4878232787313311,69.43192496372623
183.5,15,30.5,3.110058768250001e-05,295.85,886603.57144,92430,0.03169297779166477,126259.3664709942,0.4902311711212299,69.43491855119285
184,15,30.5,3.110058768250001e-05,296.2499999999999,889172.01479,92430,0.02832423171933985,112721.2828584785,0.437152632607629,69.39591963775619
184.5,15,30.5,3.110058768250001e-05,295.65,884548.81676,92430,0.03038693787008259,121119.5291014672,0.4709617528138097,69.42118500125839
185,15,30.5,3.110058768250001e-05,295.85,885062.50543,92937.89130000002,0.02811515026253797,112005.9176426914,0.4356460879340427,69.39020406255801
185.5,15,30.5,3.110058768250001e-05,295.85,883007.75075,91922.10870000004,0.03126191438841538,124542.0840950412,0.4855326123864211,69.4283556447439
186,15,30.5,3.110058768250001e-05,296.05,884548.81676,89382.65220000001,0.03011586111192755,119913.8540027001,0.4670760275519954,69.41769458253886
186.5,15,30.5,3.110058768250001e-05,295.85,884035.12809,93953.67389999999,0.02912556840794429,116031.2495552815,0.4518270622424987,69.40494242742108
187,15,30.5,3.110058768250001e-05,295.85,880439.3074,89890.54350000003,0.02887744593709402,115042.7723543474,0.4498075163405457,69.39891712857565
187.5,15,30.5,3.110058768250001e-05,295.7499999999999,882494.0620800001,90398.43479999999,0.02928068703132019,116679.6549717592,0.4549497313176139,69.40608851081002
188,15,30.5,3.110058768250001e-05,295.7499999999999,874275.04336,91414.21740000002,0.02842252748003552,113260.0029585564,0.4457676580839179,69.38799917892844
188.5,15,30.5,3.110058768250001e-05,296.55,881466.6847400001,89382.65220000001,0.03032567122930759,120592.175110118,0.4723729817072119,69.41713918830142
189,15,30.5,3.110058768250001e-05,296.35,877870.86405,90398.43479999999,0.02991366497324681,119015.7219956587,0.4677060861290423,69.40999816358963
189.5,15,30.5,3.110058768250001e-05,296.2499999999999,877870.86405,92937.89130000002,0.02886659691987762,114879.7209685816,0.4512588139981994,69.39654997649367
190,15,30.5,3.110058768250001e-05,296.05,876843.48671,92430,0.02990106441395653,119058.587079233,0.4678198726863214,69.40941052813798
190.5,15,30.5,3.110058768250001e-05,295.95,875816.10937,90398.43479999999,0.03111623966615788,123929.4155243969,0.4873207639776427,69.42108356504193
191,15,30.5,3.110058768250001e-05,296.2499999999999,874275.04336,92430,0.02986597208237808,118856.9109411178,0.4688018516808662,69.40682756407443
191.5,15,30.5,3.110058768250001e-05,295.7499999999999,874275.04336,92937.89130000002,0.02887224175654606,115052.0547148214,0.4528207985897303,69.39461212236583
192,15,30.5,3.110058768250001e-05,295.45,876329.79804,91922.10870000004,0.03038119165297631,121159.9008199906,0.475128178166855,69.41501782474018
192.5,15,30.5,3.110058768250001e-05,296.2499999999999,872733.9773500001,92430,0.02921236239007907,116255.7557276342,0.4593519245701898,69.39760154948726
193,15,30.5,3.110058768250001e-05,296.2499999999999,870679.22267,92430,0.03155799718923045,125590.6237056171,0.4974071196851917,69.41995233165045
193.5,15,30.5,3.110058768250001e-05,295.95,871706.6000100001,93445.78260000004,0.03063530378800132,122013.9494229618,0.4820505633254341,69.41331373301585
194,15,30.5,3.110058768250001e-05,295.7499999999999,867083.40198,89890.54350000003,0.03079455299860114,122712.2101009093,0.4869753447107345,69.41125066480582
194.5,15,30.5,3.110058768250001e-05,295.95,869651.84533,91414.21740000002,0.02984020965972651,118847.2573142381,0.4706490484881776,69.40332232002817
195,15,30.5,3.110058768250001e-05,296.05,870679.22267,90398.43479999999,0.02885858847314205,114907.7076704206,0.4547063324921529,69.39153306637964
195.5,15,30.5,3.110058768250001e-05,295.85,869651.84533,90906.32610000001,0.02907725265367759,115838.7679095245,0.4585379653228441,69.39398531788473
196,15,30.5,3.110058768250001e-05,295.7499999999999,868624.46799,90398.43479999999,0.02940050350280047,117157.1077220071,0.4641054319621834,69.3975068259743
196.5,15,30.5,3.110058768250001e-05,295.55,870165.534,92430,0.02915222857154127,116228.4394149162,0.459215914265768,69.39568149586989
197,15,30.5,3.110058768250001e-05,295.45,861432.82661,91414.21740000002,0.02868967193306898,114414.1364062713,0.4564337263185633,69.38309806949957
197.5,15,30.5,3.110058768250001e-05,295.85,865542.33597,90906.32610000001,0.02794501099556568,111328.1120984799,0.4427752346741596,69.37439071214848
198,15,30.5,3.110058768250001e-05,296.05,862460.20395,92937.89130000002,0.02949922642609679,117458.5683505683,0.4692298812182698,69.39367191955515
198.5,15,30.5,3.110058768250001e-05,295.95,866056.02464,90398.43479999999,0.03071713345417613,122339.8597132284,0.4864916998158696,69.40945198797588
199,15,30.5,3.110058768250001e-05,295.65,868624.46799,91414.21740000002,0.02923298991788489,116519.9990936939,0.4613831027065565,69.39548931439136
199.5,15,30.5,3.110058768250001e-05,295.7499999999999,864001.2699599999,92430,0.02990958541984929,119185.7316532038,0.4746680000760178,69.39991095686827
200,15,30.5,3.110058768250001e-05,295.85,860919.13794,90398.43479999999,0.03019314677514698,120284.2979493835,0.4809648832779871,69.4003070006621
209,16.3,31.41,3.444083688105901e-05,295.65,860405.44927,91922.10870000004,0.008085521162671831,32228.14091863274,0.1163376462234323,67.87825818497731
209.5,16.3,31.41,3.444083688105901e-05,295.45,857323.31725,92430,0.03379069960379929,134756.9858153782,0.487776653945487,69.41880061816303
210,16.3,31.41,3.444083688105901e-05,296.15,859891.7606,93953.67389999999,0.03645937420947332,145134.317851749,0.5253488141170539,69.41884206573187
210.5,16.3,31.41,3.444083688105901e-05,296.2499999999999,859378.07193,91922.10870000004,0.0346158658188354,137759.9520092835,0.4991678151240945,69.42068905566889
211,16.3,31.41,3.444083688105901e-05,295.7499999999999,858864.38326,90398.43479999999,0.03546170388892254,141310.1874981387,0.5112388483180075,69.42052309255358
211.5,16.3,31.41,3.444083688105901e-05,295.7499999999999,856295.93991,91414.21740000002,0.03545657123914901,141289.7345694206,0.5126980819532301,69.41758939058785
212,16.3,31.41,3.444083688105901e-05,295.7499999999999,855268.56257,91922.10870000004,0.03417851698223676,136196.8578356131,0.4948112300931409,69.41674741895837
212.5,16.3,31.41,3.444083688105901e-05,296.15,855268.56257,92430,0.03598075680528092,143229.0791586672,0.521254861920776,69.41466326631503
213,16.3,31.41,3.444083688105901e-05,295.85,847049.54385,89890.54350000003,0.03457593404546052,137744.5677846926,0.5055072169392606,69.40767929594287
213.5,16.3,31.41,3.444083688105901e-05,295.7499999999999,848590.60986,92430,0.03590085864915041,143060.1609822917,0.5238361380890544,69.40754259888239
214,16.3,31.41,3.444083688105901e-05,295.7499999999999,849104.29853,92430,0.03395815576605372,135318.7476107441,0.4951900372598254,69.40989210295581
214.5,16.3,31.41,3.444083688105901e-05,295.7499999999999,849104.29853,94461.56520000001,0.0354258692385315,141167.3911682852,0.516592762841571,69.40926950163892
215,16.3,31.41,3.444083688105901e-05,295.7499999999999,851672.74188,88874.76090000002,0.03515238732973496,140077.6020275705,0.5110588567480853,69.4126724658454
215.5,16.3,31.41,3.444083688105901e-05,295.2499999999999,848076.92119,92430,0.03537701916317675,141156.9947788806,0.516068570245162,69.40899463030485
216,16.3,31.41,3.444083688105901e-05,295.85,847049.54385,92430,0.03488325087362779,138968.8651128055,0.5100002517281742,69.40747871257146
216.5,16.3,31.41,3.444083688105901e-05,296.2499999999999,847049.54385,91922.10870000004,0.03605273698183614,143478.2345879847,0.5274545852291477,69.40432172000175
217,16.3,31.41,3.444083688105901e-05,295.2499999999999,844994.78917,92430,0.0342666970087171,136726.7250086373,0.5016948374615382,69.40636038737233
217.5,16.3,31.41,3.444083688105901e-05,295.95,849617.9872,92430,0.03433007361526464,136729.4378657354,0.5004799386836708,69.41039149725889
218,16.3,31.41,3.444083688105901e-05,295.85,839344.2138,92430,0.03521806497299489,140302.7068347646,0.5196221332322081,69.39788189136142
218.5,16.3,31.41,3.444083688105901e-05,296.2499999999999,843453.7231600001,92430,0.03540405292292566,140896.6818025544,0.5201724734125289,69.40173705838906
219,16.3,31.41,3.444083688105901e-05,296.15,841912.65715,93445.78260000004,0.03623147675457434,144227.1234093299,0.5332137386511935,69.39743371449056
219.5,16.3,31.41,3.444083688105901e-05,296.05,841398.96848,92430,0.03435389107351622,136788.6331824904,0.5058048123147835,69.40101884424779
220,16.3,31.41,3.444083688105901e-05,296.2499999999999,836262.08178,91922.10870000004,0.03592666720396819,142976.5176400452,0.5323903446149314,69.39125573804353
220.5,16.3,31.41,3.444083688105901e-05,296.45,838316.83646,94969.45650000003,0.03488345291947453,138752.6067783062,0.5158381650365024,69.39626326821153
221,16.3,31.41,3.444083688105901e-05,296.2499999999999,839344.2138,92430,0.03445675570194066,137126.745196479,0.5087330207217795,69.39828723891841
221.5,16.3,31.41,3.444083688105901e-05,295.65,838830.52513,92430,0.03396346146625105,135375.221979778,0.5012485470668065,69.3987454883827
222,16.3,31.41,3.444083688105901e-05,295.85,838316.83646,89890.54350000003,0.03519589949290073,140214.4033786296,0.5199315029849194,69.39668898770137
222.5,16.3,31.41,3.444083688105901e-05,295.95,841398.96848,93953.67389999999,0.0334211862711488,133109.5313943149,0.491989147545351,69.40055500287275
223,16.3,31.41,3.444083688105901e-05,295.55,833693.63843,92430,0.03455984382030623,137788.323928645,0.5131061625353062,69.3927410294861
223.5,16.3,31.41,3.444083688105901e-05,296.85,833179.94976,90906.32610000001,0.03378469649097558,134242.515257636,0.5030095185512348,69.39039900303871
224,16.3,31.41,3.444083688105901e-05,296.15,835748.3931100001,90398.43479999999,0.03433708630580218,136686.0980492189,0.5090614656301948,69.39436519004906
224.5,16.3,31.41,3.444083688105901e-05,295.7499999999999,833179.94976,92430,0.03579438341240027,142635.8712832913,0.5319427784803685,69.3887232779946
225,16.3,31.41,3.444083688105901e-05,295.2499999999999,828556.75173,92430,0.03437770535137472,137169.6567314221,0.5133056477491801,69.38735583111605
225.5,16.3,31.41,3.444083688105901e-05,295.7499999999999,830097.81774,92430,0.03417495064088161,136182.6464382376,0.5097620090337329,69.38853524736061
226,16.3,31.41,3.444083688105901e-05,295.65,829584.12907,91922.10870000004,0.03409543613873765,135901.2608407267,0.5088048263055355,69.38814674891444
226.5,16.3,31.41,3.444083688105901e-05,295.55,826501.99705,93445.78260000004,0.03379533316965064,134740.2591941182,0.5061214831854453,69.38481904548098
227,16.3,31.41,3.444083688105901e-05,295.2499999999999,823933.5537,91922.10870000004,0.03367535480646987,134367.2246852741,0.5056399843597226,69.38233058589732
227.5,16.3,31.41,3.444083688105901e-05,295.65,833179.94976,92430,0.03444426643651674,137291.6662045039,0.5117920514334117,69.39209567893639
228,16.3,31.41,3.444083688105901e-05,295.95,822392.48769,93445.78260000004,0.03440869532628009,137042.5715476395,0.5182325753933289,69.37868187159307
228.5,16.3,31.41,3.444083688105901e-05,295.65,825474.61971,90398.43479999999,0.03218065051523598,128269.1021138312,0.482621317551746,69.38097234262008
229,16.3,31.41,3.444083688105901e-05,295.7499999999999,822392.48769,90398.43479999999,0.03377202698840542,134577.0491139469,0.508471756916909,69.37969292096562
229.5,16.3,31.41,3.444083688105901e-05,295.85,823933.5537,91922.10870000004,0.03437443181067299,136941.8175769336,0.5166608938480332,69.38078761004797
230,16.3,31.41,3.444083688105901e-05,295.55,822392.48769,92430,0.03321474035262417,132425.4654248222,0.4999121295965187,69.37989097853661
230.5,16.3,31.41,3.444083688105901e-05,296.65,822392.48769,92430,0.03488291470315226,138678.3104953669,0.525995795973743,69.37640101106108
231,16.3,31.41,3.444083688105901e-05,295.95,823419.86503,91414.21740000002,0.03562872804937407,141901.7043964624,0.5359380792908551,69.37639278054107
231.5,16.3,31.41,3.444083688105901e-05,295.7499999999999,820851.42168,92937.89130000002,0.03363995709944721,134050.7681199483,0.5074341836982864,69.37791897060461
232,16.3,31.41,3.444083688105901e-05,295.35,817769.28966,93445.78260000004,0.03384598056850183,135012.7279860274,0.5121194335908407,69.37480655156827
232.5,16.3,31.41,3.444083688105901e-05,295.85,816741.91232,90398.43479999999,0.03286946475728367,130946.2879687744,0.4983908282829917,69.37264189990584
233,16.3,31.41,3.444083688105901e-05,296.35,818796.667,92937.89130000002,0.03337097718559389,132771.1247350053,0.5051516651834932,69.37454596265772
233.5,16.3,31.41,3.444083688105901e-05,295.7499999999999,816741.91232,91414.21740000002,0.03361952289270896,133969.340515832,0.5096775977959496,69.37306170366327
234,16.3,31.41,3.444083688105901e-05,296.15,818282.97833,92430,0.03276567797225634,130430.7719088028,0.4961328403776462,69.37378090851622
234.5,16.3,31.41,3.444083688105901e-05,296.15,815200.8463100001,91922.10870000004,0.03310667106000938,131788.1676473819,0.5031914181188363,69.37058944832913
235,16.3,31.41,3.444083688105901e-05,295.35,814173.46897,91922.10870000004,0.03138218826678858,125184.5795838255,0.4769372356161682,69.36644922204403
235.5,16.3,31.41,3.444083688105901e-05,296.05,813659.7803,91922.10870000004,0.03222376305577469,128306.994248867,0.4906167873862587,69.367729993202
236,16.3,31.41,3.444083688105901e-05,295.7499999999999,811605.02562,91414.21740000002,0.03266734233568244,130175.0272626684,0.4983769156345877,69.36668667972242
236.5,16.3,31.41,3.444083688105901e-05,295.7499999999999,812118.71429,90398.43479999999,0.03329822541361398,132689.0126681965,0.5076804181257385,69.36764860195241
237,16.3,31.41,3.444083688105901e-05,296.15,809550.27094,91414.21740000002,0.03405518580782749,135563.9329719863,0.5212208323368651,69.36304625522367
237.5,16.3,31.41,3.444083688105901e-05,295.7499999999999,809550.27094,92430,0.03155905788448417,125758.6606918275,0.4826908311889428,69.36168410937913
238,16.3,31.41,3.444083688105901e-05,295.45,808522.8936,90906.32610000001,0.03181590747080844,126881.5337361367,0.4869904623736202,69.36187365041594
238.5,16.3,31.41,3.444083688105901e-05,295.85,808009.20493,90906.32610000001,0.03395045272959404,135252.7579206945,0.5203451532465513,69.36182208809235
239,16.3,31.41,3.444083688105901e-05,295.85,808009.20493,93445.78260000004,0.03368239851963858,134184.876103109,0.5162367924518196,69.36223623041909
239.5,16.3,31.41,3.444083688105901e-05,295.85,807495.5162600001,92937.89130000002,0.03239050328329385,129038.1879263142,0.4967522337024383,69.36143157187662
240,16.3,31.41,3.444083688105901e-05,295.7499999999999,803899.69557,90906.32610000001,0.03319058989546538,132260.0994016857,0.5112130701447176,69.357784192354
240.5,16.3,31.41,3.444083688105901e-05,295.55,804927.07291,91414.21740000002,0.03194456817197595,127361.3541174245,0.4912272313657812,69.35808518970489
241,16.3,31.41,3.444083688105901e-05,295.7499999999999,807495.5162600001,92430,0.03338223776065526,133023.7907304619,0.5118752938029683,69.36205673468984
241.5,16.3,31.41,3.444083688105901e-05,295.95,803899.69557,92430,0.03046143160242505,121321.4532034443,0.4693362330356921,69.35020355342728
242,16.3,31.41,3.444083688105901e-05,295.65,799276.49754,90906.32610000001,0.03237499699308125,129043.7492329252,0.5014505370568206,69.35218254601726
242.5,16.3,31.41,3.444083688105901e-05,295.7499999999999,802872.31823,92430,0.03170247702226704,126330.1669373931,0.48891746796469,69.35484043574614
243,16.3,31.41,3.444083688105901e-05,295.7499999999999,800303.87488,92937.89130000002,0.03004962272132004,119743.7617295236,0.464914344302116,69.34420997217833
243.5,16.3,31.41,3.444083688105901e-05,295.55,801331.25222,90398.43479999999,0.03205915686953979,127818.2133746764,0.495201512999369,69.3542597443826
244,16.3,31.41,3.444083688105901e-05,295.45,800303.87488,90906.32610000001,0.03258371027926702,129943.5239695921,0.5038648680719598,69.35389466956731
288,17,31.9,3.625582552689999e-05,295.65,757667.71527,92430,0.02831545872261159,112862.8044535975,0.4394972118169163,69.28718269253972
288.5,17,31.9,3.625582552689999e-05,295.7499999999999,752530.82857,93953.67389999999,0.03125954820670371,124565.1543431976,0.4885883869858252,69.29313872036643
289,17,31.9,3.625582552689999e-05,295.15,750476.07389,92937.89130000002,0.03390870010015858,135333.6863334723,0.5309065054373695,69.28241954878642
289.5,17,31.9,3.625582552689999e-05,295.7499999999999,751503.45123,91414.21740000002,0.03213920270565701,128070.4608724617,0.5030241766750044,69.29070925231575
290,17,31.9,3.625582552689999e-05,295.85,745852.87586,92937.89130000002,0.03305771115771803,131696.2292149245,0.5214080857778522,69.2788642366752
290.5,17,31.9,3.625582552689999e-05,295.85,748935.00788,90906.32610000001,0.03258751487075404,129823.0481683426,0.5118765810203131,69.28551303688424
291,17,31.9,3.625582552689999e-05,295.7499999999999,743798.12118,91922.10870000004,0.03368079028208624,134213.4829379655,0.5326132124238503,69.27217222564282
291.5,17,31.9,3.625582552689999e-05,295.7499999999999,747393.94187,92430,0.03259743269467331,129896.4466138121,0.5130014155998055,69.28340522500972
292,17,31.9,3.625582552689999e-05,296.55,752017.1399,92430,0.03377316192829412,134301.3655487753,0.5289508388742107,69.28291982266737
292.5,17,31.9,3.625582552689999e-05,295.7499999999999,744825.49852,91922.10870000004,0.03250088990071186,129511.7363822051,0.5132458613288278,69.2799929585052
293,17,31.9,3.625582552689999e-05,295.7499999999999,743798.12118,92430,0.03269435909542957,130282.6854676272,0.5170142232445579,69.27767114646456
293.5,17,31.9,3.625582552689999e-05,295.2499999999999,745852.87586,91922.10870000004,0.03342643862086264,133374.0301894328,0.5266890084112528,69.27800511583067
294,17,31.9,3.625582552689999e-05,295.65,740202.3004900001,91414.21740000002,0.03294735208630729,131325.103796085,0.5234574569493804,69.27115722541197
294.5,17,31.9,3.625582552689999e-05,296.2499999999999,741229.6778300001,89890.54350000003,0.03267732979247305,130045.205500917,0.5189736454287758,69.27292847406609
295,17,31.9,3.625582552689999e-05,296.05,744825.49852,91414.21740000002,0.03387373656828938,134876.7775983342,0.535196747365466,69.2718736517437
295.5,17,31.9,3.625582552689999e-05,295.85,737120.16847,92430,0.03270553569784775,130293.2228220842,0.5219646873415033,69.26726773673226
296,17,31.9,3.625582552689999e-05,296.05,739688.61182,92937.89130000002,0.03221354017137178,128266.2892707421,0.5125006473314985,69.27291226958855
296.5,17,31.9,3.625582552689999e-05,296.15,738147.54581,91922.10870000004,0.03248244920311016,129303.3193647781,0.5179452077661924,69.26932940330511
297,17,31.9,3.625582552689999e-05,296.2499999999999,739174.92315,91414.21740000002,0.03168977663125987,126115.0632705493,0.5046886007665832,69.27336963679792
297.5,17,31.9,3.625582552689999e-05,295.7499999999999,736092.79113,92430,0.03178254140462666,126649.2128839331,0.5078562440423293,69.26956583071635
298,17,31.9,3.625582552689999e-05,295.7499999999999,732496.9704399999,92430,0.03091716541253469,123200.8043110697,0.4964534993124981,69.26605160387268
298.5,17,31.9,3.625582552689999e-05,295.7499999999999,733010.65911,92430,0.0319013791315088,127122.7654667466,0.5118985601672527,69.26464362374175
299,17,31.9,3.625582552689999e-05,295.85,729414.83842,92430,0.03134578551879168,124876.2122371214,0.5055483687910115,69.26076322306464
299.5,17,31.9,3.625582552689999e-05,295.65,736606.4798,91414.21740000002,0.0329330201692398,131267.9780977419,0.5257839559833227,69.26563752356428
300,17,31.9,3.625582552689999e-05,295.95,729414.83842,92430,0.03211872726425904,127922.1120531569,0.5181019999627501,69.25797915098455
300.5,17,31.9,3.625582552689999e-05,295.7499999999999,731983.28177,90398.43479999999,0.03204902401158924,127711.1107350016,0.514989513704086,69.26255860845848
301,17,31.9,3.625582552689999e-05,295.7499999999999,730442.2157600001,90906.32610000001,0.03239824806316763,129102.7222707016,0.5216994761580444,69.25864841009718
301.5,17,31.9,3.625582552689999e-05,295.95,724277.95172,92430,0.03075952961320197,122508.7146669414,0.4996961001982734,69.25421416745343
302,17,31.9,3.625582552689999e-05,295.65,727360.08374,90398.43479999999,0.03043182945353874,121298.4628088409,0.4920280950073974,69.25930650892496
302.5,17,31.9,3.625582552689999e-05,295.85,726846.39507,88366.86960000001,0.03283121617467563,130793.9122014909,0.531376665945458,69.2502798488936
303,17,31.9,3.625582552689999e-05,295.65,725305.32906,92430,0.03124972336970773,124558.5124527004,0.5066833267662669,69.25532163278733
303.5,17,31.9,3.625582552689999e-05,296.05,724791.64039,93445.78260000004,0.03092466065342136,123134.2922221381,0.5021074469514596,69.25453169362589
304,17,31.9,3.625582552689999e-05,296.15,724791.64039,92430,0.03146979819614609,125272.2459768144,0.5110448471644797,69.25302383489041
304.5,17,31.9,3.625582552689999e-05,295.55,724791.64039,92430,0.03130655555812634,124817.6305645993,0.5078786504868189,69.254596994648
305,17,31.9,3.625582552689999e-05,295.7499999999999,726846.39507,92430,0.03233119443843591,128835.5224679806,0.5231953170544195,69.25335995715611
305.5,17,31.9,3.625582552689999e-05,295.95,720168.44236,92937.89130000002,0.03167845093861161,126168.5843681887,0.5175608112191286,69.24556996534248
306,17,31.9,3.625582552689999e-05,295.85,718113.68768,91922.10870000004,0.03210223523100933,127889.7776414073,0.5258964239820703,69.24048011242375
315.5,17.4,32.18,3.729811395763599e-05,295.7499999999999,717599.99901,90398.43479999999,0.0338100410256744,134728.5300115052,0.538690026003262,69.22678350074452
316,17.4,32.18,3.729811395763599e-05,296.2499999999999,713490.48965,92430,0.0328646586898397,130790.7139347155,0.5270883372551542,69.22686352670961
316.5,17.4,32.18,3.729811395763599e-05,295.7499999999999,717086.31034,92430,0.031022416948554,123620.2177249299,0.4946293300794037,69.24347024036305
317,17.4,32.18,3.729811395763599e-05,296.55,720168.44236,92430,0.03167664907885745,125964.4340181207,0.5035787557312155,69.24444376378162
317.5,17.4,32.18,3.729811395763599e-05,294.85,715545.24433,91414.21740000002,0.03297052942255838,131692.7274099278,0.526020508593587,69.2324738566345
318,17.4,32.18,3.729811395763599e-05,295.65,715545.24433,91414.21740000002,0.03213696387872877,128094.9712137582,0.5134166826167161,69.23651759342006
318.5,17.4,32.18,3.729811395763599e-05,295.95,713490.48965,91922.10870000004,0.03320213116047464,132237.0811199649,0.53223108254128,69.22467810695527
319,17.4,32.18,3.729811395763599e-05,295.65,710922.0463,90398.43479999999,0.03196212355834772,127398.0738375553,0.5139440884394663,69.22996224996042
319.5,17.4,32.18,3.729811395763599e-05,295.7499999999999,711435.73497,92430,0.03356700955006255,133760.0818090659,0.5394517951099775,69.2180408778224
320,17.4,32.18,3.729811395763599e-05,295.7499999999999,710922.0463,91414.21740000002,0.03157058080083384,125804.5779854521,0.5077340105512399,69.23184151715564
320.5,17.4,32.18,3.729811395763599e-05,295.65,708353.60295,92430,0.03254159929112983,129707.8106126253,0.5251592470701257,69.22175204779271
321,17.4,32.18,3.729811395763599e-05,295.2499999999999,706812.53694,92430,0.03212785844249975,128192.596597992,0.5192610846914415,69.22288220578159
321.5,17.4,32.18,3.729811395763599e-05,296.05,708353.60295,92430,0.03157903196147868,125739.8356999191,0.5099698816982332,69.22707431842386
322,17.4,32.18,3.729811395763599e-05,295.7499999999999,706812.53694,91922.10870000004,0.03317515434844179,132198.5907936709,0.5366416475069041,69.2134360217085
322.5,17.4,32.18,3.729811395763599e-05,295.7499999999999,706298.84827,93445.78260000004,0.03217739476466643,128222.6511630486,0.5208804371167445,69.22066314811073
323,17.4,32.18,3.729811395763599e-05,295.65,703730.40492,92937.89130000002,0.03199639185625448,127534.6641094452,0.5197529020133682,69.21772449346497
323.5,17.4,32.18,3.729811395763599e-05,295.7499999999999,702703.02758,92937.89130000002,0.03219617300892324,128297.4799762699,0.5238513819988991,69.2143596794437
324,17.4,32.18,3.729811395763599e-05,295.85,704757.78226,90398.43479999999,0.03182300403091149,126777.3686196031,0.5163573579176877,69.22016609145791
324.5,17.4,32.18,3.729811395763599e-05,296.05,701675.65024,92430,0.03236078552200778,128852.5835630792,0.5275680320139288,69.21069195318255
325,17.4,32.18,3.729811395763599e-05,295.05,709380.98029,92430,0.03191412571330995,127406.4379193609,0.5137649947452098,69.22889134984298
325.5,17.4,32.18,3.729811395763599e-05,295.7499999999999,700134.58423,92430,0.03094249632664598,123301.7446447259,0.5053002154979126,69.21732391280457
326,17.4,32.18,3.729811395763599e-05,295.95,693456.6315200001,90906.32610000001,0.03177511946947677,126553.5947247823,0.5240712653924157,69.20090603296751
326.5,17.4,32.18,3.729811395763599e-05,295.85,701161.96157,92430,0.03134106599172432,124857.4104539161,0.5111454425568688,69.21692530833289
327,17.4,32.18,3.729811395763599e-05,296.05,693970.32019,93953.67389999999,0.03075548009902515,122460.6574147333,0.506964368255317,69.20753633934775
327.5,17.4,32.18,3.729811395763599e-05,296.2499999999999,696538.76354,92430,0.03169846121274928,126149.6250964896,0.5207572903163985,69.20619378886096
328,17.4,32.18,3.729811395763599e-05,295.85,694484.0088600001,90398.43479999999,0.03099814421289476,123491.2691329982,0.5104139325637319,69.20762969383206
328.5,17.4,32.18,3.729811395763599e-05,295.7499999999999,695511.3861999999,93953.67389999999,0.03086751815213481,123002.9665619911,0.5074264883376968,69.21013820703885
329,17.4,32.18,3.729811395763599e-05,296.95,691401.87684,91922.10870000004,0.03216006291623746,127753.8985265495,0.5328945638774063,69.19207205466068
329.5,17.4,32.18,3.729811395763599e-05,296.45,693970.32019,90398.43479999999,0.03088637443692667,122853.8062716233,0.5094658195122368,69.206161508137
330,17.4,32.18,3.729811395763599e-05,295.7499999999999,691915.56551,92937.89130000002,0.03146868428499552,125398.5338821111,0.5199973744590063,69.20074938062216
330.5,17.4,32.18,3.729811395763599e-05,295.7499999999999,691915.56551,91922.10870000004,0.02933630581172686,116901.2884361946,0.4847613538675352,69.20833343274215
331,17.4,32.18,3.729811395763599e-05,295.35,689347.12216,91922.10870000004,0.03224935523842837,128643.7371113644,0.5345210914275033,69.19093774205491
331.5,17.4,32.18,3.729811395763599e-05,295.7499999999999,690888.18817,91414.21740000002,0.03113129820707015,124054.0951016106,0.5151872779680505,69.20106791801484
332,17.4,32.18,3.729811395763599e-05,295.7499999999999,691915.56551,92430,0.03072430549632794,122432.2831197187,0.5076970503588762,69.2048760831325
332.5,17.4,32.18,3.729811395763599e-05,294.95,686778.67881,91414.21740000002,0.03083784647427301,123141.9891323458,0.5126898598149463,69.19729672984181
333,17.4,32.18,3.729811395763599e-05,295.85,688319.74482,90906.32610000001,0.03169554697537323,126269.6016565142,0.5265711965984796,69.19260939480203
333.5,17.4,32.18,3.729811395763599e-05,295.65,686264.99014,91414.21740000002,0.03229473574520764,128723.8353084255,0.5379502610404374,69.18415184667811
334,17.4,32.18,3.729811395763599e-05,295.2499999999999,690374.4995,92430,0.03127333484877957,124782.982523363,0.5174849172749371,69.20034306734034
334.5,17.4,32.18,3.729811395763599e-05,295.2499999999999,685751.3014699999,91414.21740000002,0.0314761383842305,125592.1840409567,0.5243521441256599,69.19090690246273
335,17.4,32.18,3.729811395763599e-05,296.15,686778.67881,90398.43479999999,0.03105172672807466,123608.0233002754,0.5172947962358232,69.19369923450155
346,17.6,32.32,3.7820663280736e-05,295.65,677532.28275,90398.43479999999,0.03000425833781906,119594.2038139145,0.4992440121755103,69.18424737958399
346.5,17.6,32.32,3.7820663280736e-05,295.7499999999999,682155.48078,92430,0.03253011101001323,129628.1786278235,0.537694469135631,69.1737406670966
347,17.6,32.32,3.7820663280736e-05,295.65,677532.28275,92430,0.03133249541392637,124888.4341796408,0.5213446886704949,69.1763372755173
347.5,17.6,32.32,3.7820663280736e-05,295.55,678045.97142,92937.89130000002,0.03182813000508902,126897.121120884,0.529100881720574,69.17327904965032
348,17.6,32.32,3.7820663280736e-05,295.65,678045.97142,92430,0.03225775739822438,128576.4430311019,0.5363335849874566,69.16885879645722
348.5,17.6,32.32,3.7820663280736e-05,295.95,678559.66009,93953.67389999999,0.03147923070234451,125375.1322124622,0.5232584676839253,69.17641315703548
349,17.6,32.32,3.7820663280736e-05,295.55,673422.77339,91414.21740000002,0.03115950319787485,124231.3403500325,0.5215419274241379,69.17036142134775
349.5,17.6,32.32,3.7820663280736e-05,295.95,675477.52807,91414.21740000002,0.03112867282423546,123978.9341690085,0.5197923597916949,69.17353033373229
350,17.6,32.32,3.7820663280736e-05,296.05,672909.08472,93445.78260000004,0.03058391664041899,121777.53447659,0.5127318105596923,69.17248328941703
350.5,17.6,32.32,3.7820663280736e-05,295.7499999999999,672395.39605,92430,0.03099285217615829,123502.4060274531,0.5197209342404159,69.16933810093781
351,17.6,32.32,3.7820663280736e-05,295.35,667772.19802,95477.34779999999,0.03077227212031474,122751.6040459623,0.5192431049494508,69.16332608293054
351.5,17.6,32.32,3.7820663280736e-05,295.7499999999999,671368.01871,92937.89130000002,0.03101224254047076,123579.6740579243,0.5208419056424495,69.16730226995243
352,17.6,32.32,3.7820663280736e-05,295.7499999999999,665717.44334,91922.10870000004,0.03153847381087215,125676.6358880927,0.5341757070327708,69.15191996752893
352.5,17.6,32.32,3.7820663280736e-05,295.7499999999999,668285.88669,92937.89130000002,0.03139399312081,125100.8994974642,0.5296849897017675,69.15827975676271
353,17.6,32.32,3.7820663280736e-05,295.55,667258.5093499999,91414.21740000002,0.03059529881526876,121981.8864278243,0.5168292447136315,69.16324204493385
353.5,17.6,32.32,3.7820663280736e-05,295.7499999999999,667772.19802,91922.10870000004,0.03223670098945078,128458.9786043451,0.5443217071258456,69.14848164672766
354,17.6,32.32,3.7820663280736e-05,295.85,669313.26403,91922.10870000004,0.0312912642329304,124659.0088219901,0.5272304503707573,69.16094683083661
354.5,17.6,32.32,3.7820663280736e-05,295.15,663148.99999,90398.43479999999,0.03011216841176509,120181.2733198656,0.5114737215529491,69.15974245069647
355,17.6,32.32,3.7820663280736e-05,295.55,668799.57536,92430,0.03034284199128269,120975.3540250086,0.511383567757228,69.16766325442455
355.5,17.6,32.32,3.7820663280736e-05,296.2499999999999,662121.62265,93953.67389999999,0.03104572209463191,123551.9344867259,0.529132204173693,69.14851294943388
356,17.6,32.32,3.7820663280736e-05,296.55,661094.24531,92430,0.03011033740408145,119735.8849339683,0.5142475479977447,69.15319636681019
356.5,17.6,32.32,3.7820663280736e-05,296.05,661094.24531,91922.10870000004,0.03100994933775002,123473.8905089896,0.5291651478981558,69.1472823682895
357,17.6,32.32,3.7820663280736e-05,295.85,661094.24531,92430,0.03017602363687077,120216.0823148363,0.514760769467455,69.15419750097378
357.5,17.6,32.32,3.7820663280736e-05,295.65,660066.86797,91414.21740000002,0.03015477658986437,120194.1556710858,0.5150248011055237,69.15286516507886
358,17.6,32.32,3.7820663280736e-05,295.85,663662.68866,90906.32610000001,0.03021424232915335,120368.3390042098,0.5134180262765917,69.15862414533927
358.5,17.6,32.32,3.7820663280736e-05,295.95,658012.11329,94461.56520000001,0.03106905760023339,123741.4993135697,0.5325671613878118,69.14093212919727
359,17.6,32.32,3.7820663280736e-05,295.65,661094.24531,90906.32610000001,0.03031909491810707,120849.1133579902,0.5170265171384038,69.15364581302153
359.5,17.6,32.32,3.7820663280736e-05,295.85,656471.0472800001,91414.21740000002,0.03001537148444833,119576.071801454,0.515626171649883,69.14675869211807
360,17.6,32.32,3.7820663280736e-05,295.35,659039.49063,91922.10870000004,0.03119031037425633,124419.1723692655,0.5332707524084971,69.14310142297849
360.5,17.6,32.32,3.7820663280736e-05,295.55,654416.2926,90906.32610000001,0.03032636258920659,120909.6514945453,0.5223393231490541,69.14129084246247
361,17.6,32.32,3.7820663280736e-05,295.7499999999999,655957.35861,91414.21740000002,0.02887278927062057,115054.2364858037,0.4963025761412868,69.15158209843848
361.5,17.6,32.32,3.7820663280736e-05,295.65,653388.91526,92430,0.02917712245619964,116297.3165489656,0.5034202227327723,69.14618731471735
362,17.6,32.32,3.7820663280736e-05,295.85,653902.60393,91922.10870000004,0.03026209785355888,120558.9871734446,0.5219065788370925,69.14018015743012
362.5,17.6,32.32,3.7820663280736e-05,295.55,651847.84925,90398.43479999999,0.02861269894975121,114077.3624979358,0.4947651374578129,69.14568420839254
363,17.6,32.32,3.7820663280736e-05,295.55,649279.4059,93445.78260000004,0.02883742250718471,114973.3237900945,0.5006235948296606,69.14051236861336
363.5,17.6,32.32,3.7820663280736e-05,295.85,649279.4059,92430,0.02855517957611429,113758.9186615929,0.4959753294705859,69.14086833958279
364,17.6,32.32,3.7820663280736e-05,296.45,649279.4059,90398.43479999999,0.02619522984221017,104194.2847273128,0.4554464621074446,69.13703113467538
364.5,17.6,32.32,3.7820663280736e-05,296.45,649793.09457,88874.76090000002,0.02904679476426687,115536.684438898,0.5046262890708192,69.13881306834857
365,17.6,32.32,3.7820663280736e-05,295.45,646197.27388,91922.10870000004,0.02826617070353528,112725.2175661698,0.4929636233543736,69.13705806615044
365.5,17.6,32.32,3.7820663280736e-05,295.7499999999999,645683.58521,92430,0.02759914079566599,109978.9162088564,0.4819580216119184,69.13639834993346
366,17.6,32.32,3.7820663280736e-05,295.65,645683.58521,93953.67389999999,0.02902917670975096,115707.6184616149,0.5068447298258394,69.13307648276647
366.5,17.6,32.32,3.7820663280736e-05,295.65,645169.89654,90398.43479999999,0.02826416395309459,112658.3482377119,0.4938806491325277,69.13492529766421
367,17.6,32.32,3.7820663280736e-05,295.55,646710.9625500001,92430,0.02922281821174215,116509.876688203,0.5093289658999014,69.13416310639627
367.5,17.6,32.32,3.7820663280736e-05,295.65,642087.76452,90906.32610000001,0.02920640359328543,116414.0284582257,0.5127948440239369,69.12551033417199
368,17.6,32.32,3.7820663280736e-05,295.7499999999999,644656.20787,92430,0.02945411559864617,117370.7448145691,0.5151707708104234,69.12860077977705
368.5,17.6,32.32,3.7820663280736e-05,295.65,645169.89654,90398.43479999999,0.02886677285233859,115060.2916787009,0.5044104802934837,69.1328966164251
369,17.6,32.32,3.7820663280736e-05,295.7499999999999,639005.6324999999,92430,0.03005989045878258,119784.6773017296,0.5304153747153105,69.11294712246072
369.5,17.6,32.32,3.7820663280736e-05,295.7499999999999,639519.32117,91414.21740000002,0.02781486706190495,110838.5567728289,0.4904070618912099,69.12592152230312
370,17.6,32.32,3.7820663280736e-05,296.05,635409.81181,90906.32610000001,0.02806947363795529,111765.6490460211,0.4983493598959612,69.11761021476168
370.5,17.6,32.32,3.7820663280736e-05,296.15,640033.00984,92430,0.02833018018492701,112774.3266281343,0.4994291095549354,69.12481461013346
371,17.6,32.32,3.7820663280736e-05,295.95,637464.56649,91414.21740000002,0.02968163607401526,118215.6921892215,0.5251845950060572,69.11268508993486
371.5,17.6,32.32,3.7820663280736e-05,295.35,634382.43447,92430,0.02797266898920656,111583.8952173133,0.4968465341465774,69.11739535999075
372,17.6,32.32,3.7820663280736e-05,294.35,636437.18915,91414.21740000002,0.0287887020872917,115140.3190967033,0.5088263302898587,69.11990198383691
372.5,17.6,32.32,3.7820663280736e-05,295.95,631813.99112,91922.10870000004,0.02853474492022207,113647.8667744342,0.5094070463270923,69.10936776542962
373,17.6,32.32,3.7820663280736e-05,295.2499999999999,634382.43447,92430,0.02977980914023979,118823.7014525057,0.5288551453061046,69.10721189335389
373.5,17.6,32.32,3.7820663280736e-05,295.95,632327.67979,92937.89130000002,0.02862868704369664,114022.018425798,0.5106689237036385,69.10984521577015
374,17.6,32.32,3.7820663280736e-05,295.65,631813.99112,90906.32610000001,0.02833211936279636,112929.2122273039,0.5055333202620665,69.11091269449737
